{"Ag": 0.0001734304543877905, "a": 0.010665972944849115, "ad": 0.002514741588622962, "an": 0.0003902185223725286, "Bg": 0.0, "b": 0.0030350329517863338, "c": 0.016085674644467567, "Dg": 0.0001734304543877905, "d": 0.019771071800208116, "e": 0.00021678806798473813, "f": 0.0027315296566077004, "h": 0.0, "i": 0.004422476586888657, "j": 0.012920568851890392, "k": 0.0, "l": 0.007197363857093305, "Mg": 0.0, "m": 0.05398022892819979, "Ng": 0.0005636489767603191, "n": 0.1048820672910163, "nr": 0.09217828650711064, "ns": 0.058099202219909815, "nt": 0.06135102323968089, "nx": 0.0003902185223725286, "nz": 0.003425251474158862, "o": 0.00013007284079084288, "p": 0.08654179673950746, "q": 8.671522719389525e-05, "Rg": 0.0, "r": 0.09408602150537634, "s": 0.0016042317030870621, "na": 0.0, "Tg": 0.0005636489767603191, "t": 0.060353798126951096, "u": 4.3357613596947624e-05, "Vg": 0.0009972251127297954, "v": 0.07734998265695456, "vd": 8.671522719389525e-05, "vn": 0.006156781130766563, "vvn": 0.0, "w": 0.06022372528616025, "Yg": 0.0, "y": 4.3357613596947624e-05, "z": 0.0013440860215053765}