{"B": 0.5820129615148393, "M": 0.0, "E": 0.0, "S": 0.4179870384851607}